<?xml version="1.0" encoding="UTF-8"?>
<DescribeVpnGatewaysResponse xmlns="http://ec2.amazonaws.com/doc/2009-11-30/">
  <ResponseMetadata>
    <RequestId>string</RequestId>
  </ResponseMetadata>
  <DescribeVpnGatewaysResult>
    <!--1 or more repetitions:-->
    <VpnGateway>
      <VpnGatewayId>string</VpnGatewayId>
      <VpnGatewayState>string</VpnGatewayState>
      <Type>string</Type>
      <AvailabilityZone>string</AvailabilityZone>
      <!--1 or more repetitions:-->
      <VpcAttachment>
        <VpcId>string</VpcId>
        <VpcAttachmentState>string</VpcAttachmentState>
      </VpcAttachment>
    </VpnGateway>
  </DescribeVpnGatewaysResult>
</DescribeVpnGatewaysResponse>