<?xml version="1.0" encoding="UTF-8"?>
<DescribeSnapshotAttributeResponse xmlns="http://ec2.amazonaws.com/doc/2009-11-30/">
  <ResponseMetadata>
    <RequestId>string</RequestId>
  </ResponseMetadata>
  <DescribeSnapshotAttributeResult>
    <SnapshotAttribute>
      <SnapshotId>string</SnapshotId>
      <!--Zero or more repetitions:-->
      <CreateVolumePermission>
        <!--Optional:-->
        <UserId>string</UserId>
        <!--Optional:-->
        <GroupName>string</GroupName>
      </CreateVolumePermission>
    </SnapshotAttribute>
  </DescribeSnapshotAttributeResult>
</DescribeSnapshotAttributeResponse>