<?xml version="1.0" encoding="UTF-8"?>
<TerminateInstancesResponse xmlns="http://ec2.amazonaws.com/doc/2009-11-30/">
  <ResponseMetadata>
    <RequestId>string</RequestId>
  </ResponseMetadata>
  <TerminateInstancesResult>
    <!--1 or more repetitions:-->
    <TerminatingInstance>
      <InstanceId>string</InstanceId>
      <CurrentState>
        <Code>3</Code>
        <Name>string</Name>
      </CurrentState>
      <PreviousState>
        <Code>3</Code>
        <Name>string</Name>
      </PreviousState>
    </TerminatingInstance>
  </TerminateInstancesResult>
</TerminateInstancesResponse>